First Name [Required],Last Name [Required],Email Address [Required],Password [Required]
Apps,Store,"noreply.mailservicestore18973@i-forgotappsaccount.business
",11111111
Apps,Store,"noreply.mailservicestore18974@i-forgotappsaccount.business
",11111111
Apps,Store,"noreply.mailservicestore18975@i-forgotappsaccount.business
",11111111
Apps,Store,"noreply.mailservicestore189710@i-forgotappsaccount.business
",11111111
Apps,Store,"noreply.mailservicestore18977@i-forgotappsaccount.business
",11111111
Apps,Store,"noreply.mailservicestore18978@i-forgotappsaccount.business
",11111111
Apps,Store,"noreply.mailservicestore18979@i-forgotappsaccount.business
",11111111
Apps,Store,"noreply.mailservicestore18971@i-forgotappsaccount.business
",11111111
Apps,Store,"noreply.mailservicestore18972@i-forgotappsaccount.business
",11111111
